{"cameraMode":{"drawMode":0,"name":"Shaded","section":"Shading Mode"},"sceneLighting":false,"audioPlay":false,"sceneViewState":{"m_AlwaysRefresh":false,"showFog":true,"showSkybox":false,"showFlares":true,"showImageEffects":true,"showParticleSystems":true,"showVisualEffectGraphs":true,"m_FxEnabled":true},"in2DMode":false,"pivot":{"x":-0.1496119648218155,"y":-0.8443422317504883,"z":3.3859567642211916},"rotation":{"x":0.3726690411567688,"y":-0.008351578377187252,"z":0.0033540057484060528,"w":0.9279240369796753},"size":5.403613567352295,"orthographic":false}